﻿<?xml version="1.0" encoding="UTF-8" standalone="yes"?>
<addon id="iberia_reposity" name="TV ao VIVO" version="0.0.2" provider-name="iberica">
	<extension point="xbmc.addon.repository" name="TV ao VIVO Add-on Repository">
		<info compressed="false">http://raw.github.com/iberica/iberia_reposity/master/addons.xml</info>
		<checksum>http://raw.github.com/iberica/iberia_reposity/master/addons.xml.md5</checksum>
		<datadir zip="true">http://raw.github.com/iberica/iberia_reposity/master/repo/</datadir>
	</extension>
	<extension point="xbmc.addon.metadata">
		<summary>TV ao VIVO Addon</summary>
		<description>Addon Description</description>
		<disclaimer></disclaimer>
		<platform>all</platform>
	</extension>
</addon>